{
  "project_info": {
    "project_number": "352153359010",
    "project_id": "nature-harvest-ac0af",
    "storage_bucket": "nature-harvest-ac0af.firebasestorage.app"
  },
  "client": [
    {
      "client_info": {
        "mobilesdk_app_id": "1:352153359010:android:73e6df77bc0334fb1c3dfb",
        "android_client_info": {
          "package_name": "com.futogen.natureharvest"
        }
      },
      "oauth_client": [],
      "api_key": [
        {
          "current_key": "AIzaSyAEM71xVfeVX-w-fbhR0PAJ7FEKEdOJ9lo"
        }
      ],
      "services": {
        "appinvite_service": {
          "other_platform_oauth_client": []
        }
      }
    }
  ],
  "configuration_version": "1"
}